{
  "project_info": {
    "project_number": "858652642265",
    "firebase_url": "https://tradex-mobile-248017.firebaseio.com",
    "project_id": "tradex-mobile-248017",
    "storage_bucket": "tradex-mobile-248017.appspot.com"
  },
  "client": [
    {
      "client_info": {
        "mobilesdk_app_id": "1:858652642265:android:66ba96615f147f7d",
        "android_client_info": {
          "package_name": "cm.siplus2018.tradex"
        }
      },
      "oauth_client": [
        {
          "client_id": "858652642265-prplclse8n5u2dl3nc2kemu1uv39stg2.apps.googleusercontent.com",
          "client_type": 3
        }
      ],
      "api_key": [
        {
          "current_key": "AIzaSyDHdGgOdK6YIh2Vt4G-bFWXdTuLle5iiBA"
        }
      ],
      "services": {
        "appinvite_service": {
          "other_platform_oauth_client": [
            {
              "client_id": "858652642265-prplclse8n5u2dl3nc2kemu1uv39stg2.apps.googleusercontent.com",
              "client_type": 3
            }
          ]
        }
      }
    }
  ],
  "configuration_version": "1"
}