[
  {
    "id":1,
    "name":"BOCOM MAKEPE",
    "latitude":4.1074877000,
    "longitude":9.7629983000
  },
  {
    "id":2,
    "name":"BOCOM YASSA",
    "latitude":4.0664763000,
    "longitude":9.7269857000
  },
  {
    "id":3,
    "name":"BOCOM BONAMOUSSADI",
    "latitude":4.0740215000,
    "longitude":9.7243475000
  },
  {
    "id":4,
    "name":"BOCOM NYALLA",
    "latitude":4.0704429000,
    "longitude":9.7108698000
 },
  {
    "id":5,
    "name":"BOCOM BEPANDA",
    "latitude":4.0603806000,
    "longitude":9.7284837000
  },
  {
    "id":6,
    "name":"BOCOM DEIDO",
    "latitude":4.0652673000,
    "longitude":9.7284481000
  },
  {
    "id":7,
    "name":"BOCOM BONABERI",
    "latitude":4.0703318000,
    "longitude":9.7233606000
  },
  {
    "id":8,
    "name":"BOCOM BALI",
    "latitude":4.0585962000,
    "longitude":9.7289414000
  },
  {
    "id":9,
    "name":"BOCOM BONAPRISO",
    "latitude":4.0764200000,
    "longitude":9.7199210000
  },
  {
    "id":10,
    "name":"BOCOM AKWA",
    "latitude":4.0783676000,
    "longitude":9.7208039000
  },
  {
    "id":11,
    "name":"BOCOM BONADOUNBE",
    "latitude":4.0718958000,
    "longitude":9.7272088000
  },
  {
    "id":12,
    "name":"BOCOM BEDI",
    "latitude":4.0582261000,
    "longitude":9.7284575000
  },
  {
    "id":13,
    "name":"BOCOM PK15",
    "latitude":4.0943682000,
    "longitude":9.7416464000
  },
  {
    "id":14,
    "name":"BOCOM FEU-ROUGE",
    "latitude":4.0823785000,
    "longitude":9.7275261000
  },
  {
    "id":15,
    "name":"BOCOM BESSENGUE",
    "latitude":4.0854622000,
    "longitude":9.7538245000
  },

  {
    "success":1,
    "faillure":0,
    "response":{
      "id":1,
      "stationid":"764eb8c0-e1cc-11e8-85bd-3508f0501590",
      "name":"Limbe Station",
      "description":"Limbe Station",
      "region":"Sud-Ouest",
      "division":"Fako",
      "subdivision":"Limbe1",
      "quarter":"Down Beach",
      "latitude":4.1074877,
      "longitude":9.752468,
      "bp":"B.P. 123 Limbe",
      "petroleumproducts":"[\"20231480-e107-11e8-b73c-9b45555edbe9\",\"9ba676e0-e107-11e8-bc41-89edc663ac3f\"]",
      "services":"[\"151840a0-e1c0-11e8-a855-23cd5c91b818\",\"058a59f0-e1f3-11e8-81dc-1b80984756ca\"]",
      "lubrifiants":"[\"9162a560-e124-11e8-8cf6-95d754333344\"]",
      "paymentmethods":"[\"47bf3ca1-e1f1-11e8-bdd3-ac2b6ee888a2\"]",
      "images":"[\"station\\\/r29oZvcqsnh2fvzhsVZcLdAbqc7oTWhTKWEMWeCn.png\",\"station\\\/TzzxZjDp8CKwW3fo3j1iX1Vk1M1X3JJ7Hsdyk4uX.jpeg\"]",
      "contacts":"[{\"phones\":\"[\\\"00237691179154\\\"]\",\"bp\":\"B.P. 147 Buea\",\"address\":\"Rue des Palmier\",\"quarter\":\"Douala\"}]",
      "created_at":"2018-11-06 14:01:30",
      "updated_at":"2018-11-06 18:37:47"
    }
  },

  {
    "geocoded_waypoints" : [
      {
        "geocoder_status" : "OK",
        "place_id" : "ChIJXw7soOINYRAReiKlvSF79d8",
        "types" : [ "route" ]
      },
      {
        "geocoder_status" : "OK",
        "place_id" : "ChIJ7QqOI7gTYRARcRc4srOig6I",
        "types" : [ "establishment", "point_of_interest" ]
      }
    ],
    "routes" : [
      {
        "bounds" : {
          "northeast" : {
            "lat" : 4.091076999999999,
            "lng" : 9.736719799999999
          },
          "southwest" : {
            "lat" : 4.064387,
            "lng" : 9.6669672
          }
        },
        "copyrights" : "Données cartographiques ©2018 Google",
        "legs" : [
          {
            "distance" : {
              "text" : "10,0 km",
              "value" : 10006
            },
            "duration" : {
              "text" : "22 minutes",
              "value" : 1337
            },
            "end_address" : "Unnamed Road, Bonabéri, Cameroun",
            "end_location" : {
              "lat" : 4.0709968,
              "lng" : 9.6669672
            },
            "start_address" : "Unnamed Road, Douala, Cameroun",
            "start_location" : {
              "lat" : 4.091076999999999,
              "lng" : 9.735572899999999
            },
            "steps" : [
              {
                "distance" : {
                  "text" : "0,1 km",
                  "value" : 102
                },
                "duration" : {
                  "text" : "1 minute",
                  "value" : 25
                },
                "end_location" : {
                  "lat" : 4.0901663,
                  "lng" : 9.7354901
                },
                "html_instructions" : "Prendre la direction \u003cb\u003esud\u003c/b\u003e",
                "polyline" : {
                  "points" : "g`~Winlz@J?T@l@@^@`@Db@B"
                },
                "start_location" : {
                  "lat" : 4.091076999999999,
                  "lng" : 9.735572899999999
                },
                "travel_mode" : "DRIVING"
              },
              {
                "distance" : {
                  "text" : "0,1 km",
                  "value" : 139
                },
                "duration" : {
                  "text" : "1 minute",
                  "value" : 49
                },
                "end_location" : {
                  "lat" : 4.089925,
                  "lng" : 9.736719799999999
                },
                "html_instructions" : "Tourner à \u003cb\u003egauche\u003c/b\u003e",
                "maneuver" : "turn-left",
                "polyline" : {
                  "points" : "qz}Wymlz@ZqCTcB"
                },
                "start_location" : {
                  "lat" : 4.0901663,
                  "lng" : 9.7354901
                },
                "travel_mode" : "DRIVING"
              },
              {
                "distance" : {
                  "text" : "0,5 km",
                  "value" : 548
                },
                "duration" : {
                  "text" : "1 minute",
                  "value" : 64
                },
                "end_location" : {
                  "lat" : 4.0859308,
                  "lng" : 9.7341178
                },
                "html_instructions" : "Tourner à \u003cb\u003edroite\u003c/b\u003e",
                "maneuver" : "turn-right",
                "polyline" : {
                  "points" : "_y}Woulz@d@F`BXzA^lBr@x@X\\Nf@V@@lAt@hBvAfA`AVXLPFJHPFXHX"
                },
                "start_location" : {
                  "lat" : 4.089925,
                  "lng" : 9.736719799999999
                },
                "travel_mode" : "DRIVING"
              },
              {
                "distance" : {
                  "text" : "0,7 km",
                  "value" : 725
                },
                "duration" : {
                  "text" : "3 minutes",
                  "value" : 156
                },
                "end_location" : {
                  "lat" : 4.0823246,
                  "lng" : 9.729239999999999
                },
                "html_instructions" : "Au rond-point, prendre la \u003cb\u003e3e\u003c/b\u003e sortie",
                "maneuver" : "roundabout-right",
                "polyline" : {
                  "points" : "a`}Wgelz@?B@JBJDJDHB@@BB@@@B@@@B@@@JBH@J@JAHAJCHEFGb@XTRhAbA`@\\vAlAh@h@RR^d@\\b@RXVb@Tb@\\|@Z~@`@fBV~ANx@Fd@BLBZ@@"
                },
                "start_location" : {
                  "lat" : 4.0859308,
                  "lng" : 9.7341178
                },
                "travel_mode" : "DRIVING"
              },
              {
                "distance" : {
                  "text" : "1,8 km",
                  "value" : 1755
                },
                "duration" : {
                  "text" : "3 minutes",
                  "value" : 195
                },
                "end_location" : {
                  "lat" : 4.0711531,
                  "lng" : 9.7188176
                },
                "html_instructions" : "Tourner à \u003cb\u003egauche\u003c/b\u003e",
                "maneuver" : "turn-left",
                "polyline" : {
                  "points" : "oi|Wwfkz@JBHBLHLRJTTp@|@jBN^p@~A^z@nAvCrAxC~ArCPVHFZTh@Zt@^pA`AtA~@xAdAn@d@t@f@pAz@h@`@lAx@fBlA`BlA|AdAl@Xf@Td@Rb@LVF|@RbAN~@Nv@RZLPFNHFDHDPNNNn@t@~@lAt@~@DR"
                },
                "start_location" : {
                  "lat" : 4.0823246,
                  "lng" : 9.729239999999999
                },
                "travel_mode" : "DRIVING"
              },
              {
                "distance" : {
                  "text" : "0,3 km",
                  "value" : 340
                },
                "duration" : {
                  "text" : "1 minute",
                  "value" : 45
                },
                "end_location" : {
                  "lat" : 4.073114299999999,
                  "lng" : 9.716473499999999
                },
                "html_instructions" : "Tourner à \u003cb\u003edroite\u003c/b\u003e à \u003cb\u003eBoulevard de la République\u003c/b\u003e",
                "maneuver" : "turn-right",
                "polyline" : {
                  "points" : "uczWseiz@URONOROTQXU`@Y`@OTo@t@eArA{@dAa@f@MLML"
                },
                "start_location" : {
                  "lat" : 4.0711531,
                  "lng" : 9.7188176
                },
                "travel_mode" : "DRIVING"
              },
              {
                "distance" : {
                  "text" : "1,4 km",
                  "value" : 1421
                },
                "duration" : {
                  "text" : "4 minutes",
                  "value" : 227
                },
                "end_location" : {
                  "lat" : 4.064387,
                  "lng" : 9.707134199999999
                },
                "html_instructions" : "Tourner à \u003cb\u003egauche\u003c/b\u003e",
                "maneuver" : "turn-left",
                "polyline" : {
                  "points" : "}ozW}vhz@LL\\X~DxDx@v@lAjArAtAj@n@nA~AHJtBhCr@x@h@n@p@x@h@p@z@bA|@hA`BpBRTTXv@|@~@fAh@n@HLv@z@dAfAZ^Z^VXRTDFFDFF\\VVRJHDB^Z~@~@"
                },
                "start_location" : {
                  "lat" : 4.073114299999999,
                  "lng" : 9.716473499999999
                },
                "travel_mode" : "DRIVING"
              },
              {
                "distance" : {
                  "text" : "0,3 km",
                  "value" : 266
                },
                "duration" : {
                  "text" : "1 minute",
                  "value" : 37
                },
                "end_location" : {
                  "lat" : 4.0658696,
                  "lng" : 9.705364399999999
                },
                "html_instructions" : "Au rond-point, prendre la \u003cb\u003e1re\u003c/b\u003e sortie",
                "maneuver" : "roundabout-right",
                "polyline" : {
                  "points" : "myxWq|fz@GHCD?@A@ADAD?@AF?F?H@FBD]h@WZs@p@wBnB[V[V"
                },
                "start_location" : {
                  "lat" : 4.064387,
                  "lng" : 9.707134199999999
                },
                "travel_mode" : "DRIVING"
              },
              {
                "distance" : {
                  "text" : "2,4 km",
                  "value" : 2393
                },
                "duration" : {
                  "text" : "3 minutes",
                  "value" : 202
                },
                "end_location" : {
                  "lat" : 4.0700357,
                  "lng" : 9.6867661
                },
                "html_instructions" : "Continuer sur \u003cb\u003eN3\u003c/b\u003e",
                "polyline" : {
                  "points" : "ubyWoqfz@i@^e@Xu@j@m@n@q@t@m@x@s@bA}@tAw@hAg@p@w@|@i@r@qArAq@x@qChCgAdA{@r@g@`@cApAo@`Ae@|@e@~@a@`Ac@~AQr@O~@E^Iv@I~BApABnDDbAL`BTpBV`BbAdE`@lAZbA|AlFDPR~@ZtAZdAj@lBv@|CVbB@DBDJNDF"
                },
                "start_location" : {
                  "lat" : 4.0658696,
                  "lng" : 9.705364399999999
                },
                "travel_mode" : "DRIVING"
              },
              {
                "distance" : {
                  "text" : "0,2 km",
                  "value" : 182
                },
                "duration" : {
                  "text" : "1 minute",
                  "value" : 22
                },
                "end_location" : {
                  "lat" : 4.0696267,
                  "lng" : 9.685198399999999
                },
                "html_instructions" : "Continuer tout droit",
                "maneuver" : "straight",
                "polyline" : {
                  "points" : "w|yWi}bz@^z@ZrAJdAHbB"
                },
                "start_location" : {
                  "lat" : 4.0700357,
                  "lng" : 9.6867661
                },
                "travel_mode" : "DRIVING"
              },
              {
                "distance" : {
                  "text" : "0,9 km",
                  "value" : 946
                },
                "duration" : {
                  "text" : "1 minute",
                  "value" : 85
                },
                "end_location" : {
                  "lat" : 4.0715673,
                  "lng" : 9.676894899999999
                },
                "html_instructions" : "Continuer sur \u003cb\u003eN3\u003c/b\u003e",
                "polyline" : {
                  "points" : "ezyWosbz@Iv@}ArJMx@w@hFKr@w@dFMx@If@Q~@G^_BpM"
                },
                "start_location" : {
                  "lat" : 4.0696267,
                  "lng" : 9.685198399999999
                },
                "travel_mode" : "DRIVING"
              },
              {
                "distance" : {
                  "text" : "29 m",
                  "value" : 29
                },
                "duration" : {
                  "text" : "1 minute",
                  "value" : 44
                },
                "end_location" : {
                  "lat" : 4.071306799999999,
                  "lng" : 9.676905399999999
                },
                "html_instructions" : "Tourner à \u003cb\u003egauche\u003c/b\u003e",
                "maneuver" : "turn-left",
                "polyline" : {
                  "points" : "ifzWq_az@r@C"
                },
                "start_location" : {
                  "lat" : 4.0715673,
                  "lng" : 9.676894899999999
                },
                "travel_mode" : "DRIVING"
              },
              {
                "distance" : {
                  "text" : "1,2 km",
                  "value" : 1160
                },
                "duration" : {
                  "text" : "3 minutes",
                  "value" : 186
                },
                "end_location" : {
                  "lat" : 4.0709968,
                  "lng" : 9.6669672
                },
                "html_instructions" : "Tourner à \u003cb\u003edroite\u003c/b\u003e\u003cdiv style=\"font-size:0.9em\"\u003eVotre destination se trouvera sur la droite.\u003c/div\u003e",
                "maneuver" : "turn-right",
                "polyline" : {
                  "points" : "udzWu_az@B@LJFr@AZARYfBSpAWl@e@f@g@\\DNh@bB?FZtDXr@d@b@bA`GInIC`AKfEA??D?D?F?D@D?F?D?F?D?D?F?D?F?D?D@F?D?F?D?D?F?D?F?D?D?F@D?F?D?D?@?D?D?F?D?F?D?D@F?D?@?D?D?D?F?D?F?D?D"
                },
                "start_location" : {
                  "lat" : 4.071306799999999,
                  "lng" : 9.676905399999999
                },
                "travel_mode" : "DRIVING"
              }
            ],
            "traffic_speed_entry" : [],
            "via_waypoint" : []
          }
        ],
        "overview_polyline" : {
          "points" : "g`~Winlz@nBDdAHp@uFfC`@zA^lBr@vAh@h@XlAt@hBvA~AzAT\\Pj@Nt@PZJFZHV?TEPMx@l@lFxEr@x@p@|@l@fAx@|B`@fBV~AV~AFh@LDVLXh@Tp@|@jB`A~BnBrErAxC~ArCZ^dAp@t@^pA`AnDdC`FjDtJzGtAn@hA`@tAZbC^rA`@`@Pr@j@nBbCt@~@DRe@b@_@h@qArBsEvF[Zj@f@xFpF`D`DzFdHxDtEnFtGvDnEbDpDlAvAdAx@pBhBMRETD^u@dAkD`Dw@n@oAx@u@j@m@n@_BnBqBxC_BzBaBpBcClCyEnEcBtAsBrCkA|Ba@`Ac@~Aa@rBOvAKpEHrFL`BTpBV`BbAdE|@pCbB~Fn@tCfArDv@|CVbBDJPV^z@ZrAThDmDnU{AzJY~A_BpMr@CPLFr@AZ[zBSpAWl@e@f@g@\\n@rBZ|DXr@d@b@bA`GInIOhGAD?L@X?t@BfB@dB?J"
        },
        "summary" : "N3",
        "warnings" : [],
        "waypoint_order" : []
      }
    ],
    "status" : "OK"
  },
  {
  "geocoded_waypoints" : [
    {
      "geocoder_status" : "OK",
      "place_id" : "ChIJXw7soOINYRAReiKlvSF79d8",
      "types" : [ "route" ]
    },
    {
      "geocoder_status" : "OK",
      "place_id" : "ChIJZeLuDRRzYRARINTEb8Npyxo",
      "types" : [ "route" ]
    }
  ],
  "routes" : [
    {
      "bounds" : {
        "northeast" : {
          "lat" : 4.091076999999999,
          "lng" : 9.785721800000001
        },
        "southwest" : {
          "lat" : 3.9857978,
          "lng" : 9.7163004
        }
      },
      "copyrights" : "Map data ©2018 Google",
      "legs" : [
        {
          "distance" : {
            "text" : "19.5 km",
            "value" : 19496
          },
          "duration" : {
            "text" : "49 mins",
            "value" : 2922
          },
          "end_address" : "Unnamed Road, Douala, Cameroon",
          "end_location" : {
            "lat" : 3.9857978,
            "lng" : 9.785721800000001
          },
          "start_address" : "Unnamed Road, Douala, Cameroon",
          "start_location" : {
            "lat" : 4.091076999999999,
            "lng" : 9.735572899999999
          },
          "steps" : [
            {
              "distance" : {
                "text" : "0.1 km",
                "value" : 102
              },
              "duration" : {
                "text" : "1 min",
                "value" : 25
              },
              "end_location" : {
                "lat" : 4.0901663,
                "lng" : 9.7354901
              },
              "html_instructions" : "Head \u003cb\u003esouth\u003c/b\u003e",
              "polyline" : {
                "points" : "g`~Winlz@J?T@l@@^@`@Db@B"
              },
              "start_location" : {
                "lat" : 4.091076999999999,
                "lng" : 9.735572899999999
              },
              "travel_mode" : "DRIVING"
            },
            {
              "distance" : {
                "text" : "0.1 km",
                "value" : 139
              },
              "duration" : {
                "text" : "1 min",
                "value" : 49
              },
              "end_location" : {
                "lat" : 4.089925,
                "lng" : 9.736719799999999
              },
              "html_instructions" : "Turn \u003cb\u003eleft\u003c/b\u003e",
              "maneuver" : "turn-left",
              "polyline" : {
                "points" : "qz}Wymlz@ZqCTcB"
              },
              "start_location" : {
                "lat" : 4.0901663,
                "lng" : 9.7354901
              },
              "travel_mode" : "DRIVING"
            },
            {
              "distance" : {
                "text" : "0.5 km",
                "value" : 548
              },
              "duration" : {
                "text" : "1 min",
                "value" : 64
              },
              "end_location" : {
                "lat" : 4.0859308,
                "lng" : 9.7341178
              },
              "html_instructions" : "Turn \u003cb\u003eright\u003c/b\u003e",
              "maneuver" : "turn-right",
              "polyline" : {
                "points" : "_y}Woulz@d@F`BXzA^lBr@x@X\\Nf@V@@lAt@hBvAfA`AVXLPFJHPFXHX"
              },
              "start_location" : {
                "lat" : 4.089925,
                "lng" : 9.736719799999999
              },
              "travel_mode" : "DRIVING"
            },
            {
              "distance" : {
                "text" : "0.7 km",
                "value" : 725
              },
              "duration" : {
                "text" : "3 mins",
                "value" : 156
              },
              "end_location" : {
                "lat" : 4.0823246,
                "lng" : 9.729239999999999
              },
              "html_instructions" : "At the roundabout, take the \u003cb\u003e3rd\u003c/b\u003e exit",
              "maneuver" : "roundabout-right",
              "polyline" : {
                "points" : "a`}Wgelz@?B@JBJDJDHB@@BB@@@B@@@B@@@JBH@J@JAHAJCHEFGb@XTRhAbA`@\\vAlAh@h@RR^d@\\b@RXVb@Tb@\\|@Z~@`@fBV~ANx@Fd@BLBZ@@"
              },
              "start_location" : {
                "lat" : 4.0859308,
                "lng" : 9.7341178
              },
              "travel_mode" : "DRIVING"
            },
            {
              "distance" : {
                "text" : "1.8 km",
                "value" : 1755
              },
              "duration" : {
                "text" : "3 mins",
                "value" : 195
              },
              "end_location" : {
                "lat" : 4.0711531,
                "lng" : 9.7188176
              },
              "html_instructions" : "Turn \u003cb\u003eleft\u003c/b\u003e",
              "maneuver" : "turn-left",
              "polyline" : {
                "points" : "oi|Wwfkz@JBHBLHLRJTTp@|@jBN^p@~A^z@nAvCrAxC~ArCPVHFZTh@Zt@^pA`AtA~@xAdAn@d@t@f@pAz@h@`@lAx@fBlA`BlA|AdAl@Xf@Td@Rb@LVF|@RbAN~@Nv@RZLPFNHFDHDPNNNn@t@~@lAt@~@DR"
              },
              "start_location" : {
                "lat" : 4.0823246,
                "lng" : 9.729239999999999
              },
              "travel_mode" : "DRIVING"
            },
            {
              "distance" : {
                "text" : "0.5 km",
                "value" : 521
              },
              "duration" : {
                "text" : "1 min",
                "value" : 64
              },
              "end_location" : {
                "lat" : 4.067277499999999,
                "lng" : 9.716384
              },
              "html_instructions" : "Continue onto \u003cb\u003eBoulevard de la République\u003c/b\u003e",
              "polyline" : {
                "points" : "uczWseiz@FJ~@jA`@h@\\`@NNPNr@`@z@h@`@T\\PXPRJNFPHRF|@Tx@NtBb@l@JHBFBJHLN"
              },
              "start_location" : {
                "lat" : 4.0711531,
                "lng" : 9.7188176
              },
              "travel_mode" : "DRIVING"
            },
            {
              "distance" : {
                "text" : "0.4 km",
                "value" : 378
              },
              "duration" : {
                "text" : "1 min",
                "value" : 60
              },
              "end_location" : {
                "lat" : 4.0640415,
                "lng" : 9.7165629
              },
              "html_instructions" : "Turn \u003cb\u003eleft\u003c/b\u003e",
              "maneuver" : "turn-left",
              "polyline" : {
                "points" : "okyWkvhz@NNJG`DaAVG~@MREd@CRAR@N?R@VDzDh@VB"
              },
              "start_location" : {
                "lat" : 4.067277499999999,
                "lng" : 9.716384
              },
              "travel_mode" : "DRIVING"
            },
            {
              "distance" : {
                "text" : "3.8 km",
                "value" : 3758
              },
              "duration" : {
                "text" : "8 mins",
                "value" : 476
              },
              "end_location" : {
                "lat" : 4.046059,
                "lng" : 9.744695699999999
              },
              "html_instructions" : "Turn \u003cb\u003eleft\u003c/b\u003e",
              "maneuver" : "turn-left",
              "polyline" : {
                "points" : "gwxWowhz@J@VmABSb@gCToARgADWFUN_@DMLYHS^u@FKvAcDDKdAwBbA_CN[HS@E@G@EZq@b@y@zAsC?Cd@aAhAeCfA{BHONY`BoDTe@^}@P_@`AuB^u@N]\\s@Tg@Te@Tg@LYRa@h@gAHOFOLYN]NYNYRe@Tc@P_@JQJSFIDIRWHMJMJMPUDE\\a@R[JONUT]HKFIXe@NYR]BGP[LUP_@\\u@^}@\\y@Re@r@cBNa@Ti@Xs@Pe@Pe@FMBENYJUJUd@aAN[JURc@HMJMJOJMLQRUJMLKHIJKPMPMPMRM\\UfAo@PMHEDEFEj@]XO\\U`@WVSh@e@pAqAh@i@LM`A}@r@s@PO^c@Z[\\a@TYLM^i@`@m@PWNWXe@r@{Af@eAz@kBb@_Av@cBf@iAXk@P_@"
              },
              "start_location" : {
                "lat" : 4.0640415,
                "lng" : 9.7165629
              },
              "travel_mode" : "DRIVING"
            },
            {
              "distance" : {
                "text" : "2.6 km",
                "value" : 2648
              },
              "duration" : {
                "text" : "8 mins",
                "value" : 457
              },
              "end_location" : {
                "lat" : 4.0254429,
                "lng" : 9.735064999999999
              },
              "html_instructions" : "Turn \u003cb\u003eright\u003c/b\u003e",
              "maneuver" : "turn-right",
              "polyline" : {
                "points" : "{fuWkgnz@p@^z@d@`@VbAl@TN\\Pb@TdAf@VNfAh@RLZJn@VdA`@\\J`@L`@Fv@Ld@HXB^LhC`@x@Nh@LHBZHd@HhBZpCd@pC`@hDl@~B^JBjARd@Hp@JTBp@JVDj@H~@Nr@J^Hp@PRHVJh@R?@?@@??@@??@@@@??@@?@@@?@?@??@@?@?@A@?@?@??A@?@A@??A@??A@?Z?J@J@H@TDtAj@f@V`@Z\\Vn@h@l@p@fBzBNR`AnAnA`Bd@j@h@p@`@f@DDBDBDBF@DBFBFDHLP^d@BD^d@X^^d@FHDDBBHHJHHFBBLHNHd@VVJPFJDLDNBLDNDTDF@PBVBRBJ@L?J@Z?PAN?JAJ?JCHARCPEd@INAf@KF?HAFAF?\\A"
              },
              "start_location" : {
                "lat" : 4.046059,
                "lng" : 9.744695699999999
              },
              "travel_mode" : "DRIVING"
            },
            {
              "distance" : {
                "text" : "1.6 km",
                "value" : 1604
              },
              "duration" : {
                "text" : "3 mins",
                "value" : 183
              },
              "end_location" : {
                "lat" : 4.0123424,
                "lng" : 9.7329422
              },
              "html_instructions" : "At the roundabout, take the \u003cb\u003e2nd\u003c/b\u003e exit",
              "maneuver" : "roundabout-right",
              "polyline" : {
                "points" : "_fqWcklz@@?@@@@@?@@@?@@@?@?@?B?@?@?@?@A@?@A@?@A@A@?@A@A?A@APMNIJGHCDAf@IVGd@Iz@MFAj@I\\GNCFC\\Gd@ITEn@KhAQb@IHAr@K`@EVCTCj@GFAb@E^A`CEzBIf@?b@?h@Bb@@lAH~K~@dAH^BVDTFb@JZJf@Rl@VbAb@|@b@VLLHFHJHLLn@t@JJbAhAn@p@XX`@TPVr@`AT^"
              },
              "start_location" : {
                "lat" : 4.0254429,
                "lng" : 9.735064999999999
              },
              "travel_mode" : "DRIVING"
            },
            {
              "distance" : {
                "text" : "65 m",
                "value" : 65
              },
              "duration" : {
                "text" : "1 min",
                "value" : 10
              },
              "end_location" : {
                "lat" : 4.0120589,
                "lng" : 9.7324372
              },
              "html_instructions" : "Keep \u003cb\u003eleft\u003c/b\u003e",
              "maneuver" : "keep-left",
              "polyline" : {
                "points" : "ctnW{}kz@Xb@NZFRDN"
              },
              "start_location" : {
                "lat" : 4.0123424,
                "lng" : 9.7329422
              },
              "travel_mode" : "DRIVING"
            },
            {
              "distance" : {
                "text" : "1.9 km",
                "value" : 1886
              },
              "duration" : {
                "text" : "3 mins",
                "value" : 159
              },
              "end_location" : {
                "lat" : 4.0083714,
                "lng" : 9.7482428
              },
              "html_instructions" : "At the roundabout, take the \u003cb\u003e2nd\u003c/b\u003e exit",
              "maneuver" : "roundabout-right",
              "polyline" : {
                "points" : "krnWwzkz@?BA@?BA@?B@@@@?@@@@@@@@?@@@@@?@@@?B@@?@@B?@?@?B?@?B?@?@?BA@?B?@A@A@?@A@A@??A@A@A?A@A?A?A?A@A?A?A?AD_A?GBEBGrBeGJ_@|@cDf@qB\\_BTy@f@sB~@oEPqADU\\aCn@wHJ}BBiA@E?Ch@sNJyB?K?O?I?C@I?G@I?I?I@G?]JeCJwBNy@?_@Di@DYDSDK@ABABABA@ABC@A@CBC?C@C@C?C?C?C?EAEACAAAA?AAAAAAAAA"
              },
              "start_location" : {
                "lat" : 4.0120589,
                "lng" : 9.7324372
              },
              "travel_mode" : "DRIVING"
            },
            {
              "distance" : {
                "text" : "80 m",
                "value" : 80
              },
              "duration" : {
                "text" : "1 min",
                "value" : 10
              },
              "end_location" : {
                "lat" : 4.0083342,
                "lng" : 9.7489461
              },
              "html_instructions" : "Slight \u003cb\u003eright\u003c/b\u003e",
              "maneuver" : "turn-slight-right",
              "polyline" : {
                "points" : "i{mWo}nz@CGCMAG?K?EFk@Hq@"
              },
              "start_location" : {
                "lat" : 4.0083714,
                "lng" : 9.7482428
              },
              "travel_mode" : "DRIVING"
            },
            {
              "distance" : {
                "text" : "4.2 km",
                "value" : 4193
              },
              "duration" : {
                "text" : "11 mins",
                "value" : 686
              },
              "end_location" : {
                "lat" : 3.995063799999999,
                "lng" : 9.783620500000001
              },
              "html_instructions" : "Keep \u003cb\u003eleft\u003c/b\u003e",
              "maneuver" : "keep-left",
              "polyline" : {
                "points" : "a{mW}aoz@Fi@?E?MDWZcB`AyD~AqEt@aBn@oAvBeD|DiFp@{@FA?Af@o@PULIx@aAFIHIFGLGJGDCFCRWDQD[BUDOTc@\\kAXk@dAkBDOd@uARi@HSb@}ALc@Rk@L]jAkEHYjAwE\\qARs@FWLa@zAkEr@aBtA{CDIhA{B@A^m@LUJIJMLINIHGBEBCd@uA@W?O@UFmADKFUJ]b@mB\\gBFWf@}CBSbAeK@K@M@K@M@K@M@K@K@M@K@M@K@M@K@MBK@K@M@K@M@K@M@K@K@M@K@M@KBM@K@K@M@K@M@K@M@K@K@MBK@M@K@M@K@K@M@K@MBK@K@M@K@M@K@M@K@M@K@KBM@K@M@K@M@K@K@M@KFe@V_CJiATwBPiBD]B_@D[XiBZuB@EnA_HFUh@{BLe@n@kCNi@"
              },
              "start_location" : {
                "lat" : 4.0083342,
                "lng" : 9.7489461
              },
              "travel_mode" : "DRIVING"
            },
            {
              "distance" : {
                "text" : "1.1 km",
                "value" : 1094
              },
              "duration" : {
                "text" : "5 mins",
                "value" : 328
              },
              "end_location" : {
                "lat" : 3.9857978,
                "lng" : 9.785721800000001
              },
              "html_instructions" : "Turn \u003cb\u003eright\u003c/b\u003e",
              "maneuver" : "turn-right",
              "polyline" : {
                "points" : "chkWszuz@l@LB@r@F`AFhABj@?jA@nB?t@BZAXERE^G\\KHEDCNI`BmAXW|@o@LIb@Y`@WFCz@c@RGPGREVE^CZCRAZAbCQPCh@GtCe@^EpCYVC^Er@G"
              },
              "start_location" : {
                "lat" : 3.995063799999999,
                "lng" : 9.783620500000001
              },
              "travel_mode" : "DRIVING"
            }
          ],
          "traffic_speed_entry" : [],
          "via_waypoint" : []
        }
      ],
      "overview_polyline" : {
        "points" : "g`~Winlz@nBDdAHp@uFfC`@zA^lBr@vAh@h@XlAt@hBvA~AzAT\\Pj@Nt@PZJFZHV?TEPMx@l@lFxEr@x@p@|@l@fAx@|B`@fBV~AV~AFh@LDVLXh@Tp@|@jB`A~BnBrErAxC~ArCZ^dAp@t@^pA`AnDdC`FjDtJzGtAn@hA`@tAZbC^rA`@`@Pr@j@nBbCt@~@DRfAvA~@jA`@^nBjAlBdA`@PpA\\fFbARL\\^JG`DaAvAUx@If@?b@@rEn@b@DZaBrAwHVu@Rg@hCyF~C_HJYBM~@kBzAsC?CnBgEpAkCfDmHbCiFtD}H`CeFd@y@t@aAhAyAz@oAdAgBt@yA|@sBp@_BrBcFn@_BlAgCn@uAl@y@z@aAx@q@tDaCdC{A`Ay@zB{BtCoCnB{B`B}Bh@}@zAaD~DyIj@kAlBdAxCfBhEvBdDrA~@XxAT~@L^LhC`@bB\\d@LrLlB`KdBvIpApAZj@Tj@VDDFBNADEt@B^F|BbA~@r@|AzAhG`IvBjCLXZj@|ApBp@x@b@^zAv@z@Vz@RhALfA?r@E~Ce@l@CFBPBLEj@a@TKl@K`Ca@jF}@jDi@zBUj@G`DGbDIlABpBJdNhAv@Hx@RbA^pBz@tAp@TRtAxArBzBXX`@TdAxAn@bAVn@DRCJDFNHTBTEJKBOHmAvBmGhAcEbC_K~@oEPqAb@wCn@wHJ}BDoAt@}RBmAXcHNy@?_@JcAJ_@DCLIFMBOCSEGIMEU?QXmCDe@ZcB`AyD~AqEt@aBn@oAvBeDnFeHFCf@o@^_@`AkAPQf@WRWDQHq@Zs@\\kAXk@dAkBDOx@_CnAaExAiFtAqFfA_EzAkEr@aBzAeDjA}Bl@cAVW\\SLMh@yAJkC|@mDpAqHpA_N`@mE`@mEjBcRp@_H|@aGvAuHv@aD~@uDp@NtBNtBBzD@pA@l@K|@SNIpBwAvAgAp@c@h@[nAk@d@Mv@IjAGtCU~Dm@hFi@r@G"
      },
      "summary" : "Boulevard de la République",
      "warnings" : [],
      "waypoint_order" : []
    },
    {
      "bounds" : {
        "northeast" : {
          "lat" : 4.091076999999999,
          "lng" : 9.785721800000001
        },
        "southwest" : {
          "lat" : 3.9857978,
          "lng" : 9.689444499999999
        }
      },
      "copyrights" : "Map data ©2018 Google",
      "legs" : [
        {
          "distance" : {
            "text" : "23.4 km",
            "value" : 23394
          },
          "duration" : {
            "text" : "48 mins",
            "value" : 2900
          },
          "end_address" : "Unnamed Road, Douala, Cameroon",
          "end_location" : {
            "lat" : 3.9857978,
            "lng" : 9.785721800000001
          },
          "start_address" : "Unnamed Road, Douala, Cameroon",
          "start_location" : {
            "lat" : 4.091076999999999,
            "lng" : 9.735572899999999
          },
          "steps" : [
            {
              "distance" : {
                "text" : "0.1 km",
                "value" : 102
              },
              "duration" : {
                "text" : "1 min",
                "value" : 25
              },
              "end_location" : {
                "lat" : 4.0901663,
                "lng" : 9.7354901
              },
              "html_instructions" : "Head \u003cb\u003esouth\u003c/b\u003e",
              "polyline" : {
                "points" : "g`~Winlz@J?T@l@@^@`@Db@B"
              },
              "start_location" : {
                "lat" : 4.091076999999999,
                "lng" : 9.735572899999999
              },
              "travel_mode" : "DRIVING"
            },
            {
              "distance" : {
                "text" : "0.1 km",
                "value" : 139
              },
              "duration" : {
                "text" : "1 min",
                "value" : 49
              },
              "end_location" : {
                "lat" : 4.089925,
                "lng" : 9.736719799999999
              },
              "html_instructions" : "Turn \u003cb\u003eleft\u003c/b\u003e",
              "maneuver" : "turn-left",
              "polyline" : {
                "points" : "qz}Wymlz@ZqCTcB"
              },
              "start_location" : {
                "lat" : 4.0901663,
                "lng" : 9.7354901
              },
              "travel_mode" : "DRIVING"
            },
            {
              "distance" : {
                "text" : "0.5 km",
                "value" : 548
              },
              "duration" : {
                "text" : "1 min",
                "value" : 64
              },
              "end_location" : {
                "lat" : 4.0859308,
                "lng" : 9.7341178
              },
              "html_instructions" : "Turn \u003cb\u003eright\u003c/b\u003e",
              "maneuver" : "turn-right",
              "polyline" : {
                "points" : "_y}Woulz@d@F`BXzA^lBr@x@X\\Nf@V@@lAt@hBvAfA`AVXLPFJHPFXHX"
              },
              "start_location" : {
                "lat" : 4.089925,
                "lng" : 9.736719799999999
              },
              "travel_mode" : "DRIVING"
            },
            {
              "distance" : {
                "text" : "0.7 km",
                "value" : 725
              },
              "duration" : {
                "text" : "3 mins",
                "value" : 156
              },
              "end_location" : {
                "lat" : 4.0823246,
                "lng" : 9.729239999999999
              },
              "html_instructions" : "At the roundabout, take the \u003cb\u003e3rd\u003c/b\u003e exit",
              "maneuver" : "roundabout-right",
              "polyline" : {
                "points" : "a`}Wgelz@?B@JBJDJDHB@@BB@@@B@@@B@@@JBH@J@JAHAJCHEFGb@XTRhAbA`@\\vAlAh@h@RR^d@\\b@RXVb@Tb@\\|@Z~@`@fBV~ANx@Fd@BLBZ@@"
              },
              "start_location" : {
                "lat" : 4.0859308,
                "lng" : 9.7341178
              },
              "travel_mode" : "DRIVING"
            },
            {
              "distance" : {
                "text" : "1.8 km",
                "value" : 1755
              },
              "duration" : {
                "text" : "3 mins",
                "value" : 195
              },
              "end_location" : {
                "lat" : 4.0711531,
                "lng" : 9.7188176
              },
              "html_instructions" : "Turn \u003cb\u003eleft\u003c/b\u003e",
              "maneuver" : "turn-left",
              "polyline" : {
                "points" : "oi|Wwfkz@JBHBLHLRJTTp@|@jBN^p@~A^z@nAvCrAxC~ArCPVHFZTh@Zt@^pA`AtA~@xAdAn@d@t@f@pAz@h@`@lAx@fBlA`BlA|AdAl@Xf@Td@Rb@LVF|@RbAN~@Nv@RZLPFNHFDHDPNNNn@t@~@lAt@~@DR"
              },
              "start_location" : {
                "lat" : 4.0823246,
                "lng" : 9.729239999999999
              },
              "travel_mode" : "DRIVING"
            },
            {
              "distance" : {
                "text" : "0.2 km",
                "value" : 237
              },
              "duration" : {
                "text" : "1 min",
                "value" : 31
              },
              "end_location" : {
                "lat" : 4.0724963,
                "lng" : 9.717158999999999
              },
              "html_instructions" : "Turn \u003cb\u003eright\u003c/b\u003e at \u003cb\u003eBoulevard de la République\u003c/b\u003e",
              "maneuver" : "turn-right",
              "polyline" : {
                "points" : "uczWseiz@URONOROTQXU`@Y`@OTo@t@eArA"
              },
              "start_location" : {
                "lat" : 4.0711531,
                "lng" : 9.7188176
              },
              "travel_mode" : "DRIVING"
            },
            {
              "distance" : {
                "text" : "1.7 km",
                "value" : 1684
              },
              "duration" : {
                "text" : "5 mins",
                "value" : 297
              },
              "end_location" : {
                "lat" : 4.0621846,
                "lng" : 9.70613
              },
              "html_instructions" : "Turn \u003cb\u003eleft\u003c/b\u003e",
              "maneuver" : "turn-left",
              "polyline" : {
                "points" : "clzWg{hz@LJr@r@n@p@PPVVb@f@d@l@X^VZNRNRPR^`@^Zn@l@`Av@jBbBRPvDfD|BpB\\Xb@\\f@`@`At@vB`Bx@r@t@p@LNLPVZV\\`AnADHNPjA~Ad@n@v@fAj@x@bBrCz@vA|AvBpAhB"
              },
              "start_location" : {
                "lat" : 4.0724963,
                "lng" : 9.717158999999999
              },
              "travel_mode" : "DRIVING"
            },
            {
              "distance" : {
                "text" : "0.1 km",
                "value" : 100
              },
              "duration" : {
                "text" : "1 min",
                "value" : 33
              },
              "end_location" : {
                "lat" : 4.0627995,
                "lng" : 9.7054726
              },
              "html_instructions" : "Turn \u003cb\u003eright\u003c/b\u003e toward \u003cb\u003eN3\u003c/b\u003e",
              "maneuver" : "turn-right",
              "polyline" : {
                "points" : "skxWivfz@EDuB|B"
              },
              "start_location" : {
                "lat" : 4.0621846,
                "lng" : 9.70613
              },
              "travel_mode" : "DRIVING"
            },
            {
              "distance" : {
                "text" : "0.3 km",
                "value" : 311
              },
              "duration" : {
                "text" : "1 min",
                "value" : 51
              },
              "end_location" : {
                "lat" : 4.0607967,
                "lng" : 9.703524200000002
              },
              "html_instructions" : "Turn \u003cb\u003eleft\u003c/b\u003e onto \u003cb\u003eN3\u003c/b\u003e",
              "maneuver" : "turn-left",
              "polyline" : {
                "points" : "ooxWerfz@z@|@hAnAl@l@r@t@f@THHHHHHx@v@f@f@"
              },
              "start_location" : {
                "lat" : 4.0627995,
                "lng" : 9.7054726
              },
              "travel_mode" : "DRIVING"
            },
            {
              "distance" : {
                "text" : "2.1 km",
                "value" : 2123
              },
              "duration" : {
                "text" : "3 mins",
                "value" : 182
              },
              "end_location" : {
                "lat" : 4.049030699999999,
                "lng" : 9.690473900000001
              },
              "html_instructions" : "At the roundabout, take the \u003cb\u003e1st\u003c/b\u003e exit onto \u003cb\u003eBoulevard du Général Leclerc 27 Août 1940\u003c/b\u003e/\u003cb\u003eN3\u003c/b\u003e",
              "maneuver" : "roundabout-right",
              "polyline" : {
                "points" : "_cxW_ffz@CBABADADAB?D?D?D?D@DBBBFQTMRK\\Cj@CbAAhAOxAOv@BBBFDDBDBFDDBDBFDDBDBFDDBDBFDDDDDDBDDDDDBDDDDDDDBDDDDDBDDDDDBDDDB@@BDDBDDDDDBDDDDDBDDDDDDDBDDDDDBDDDDDBDFFDDBDDDDDBDDDDDBDDDDDDD@@@BDDDDBDDDDDDDBDDDDDBDDDDDDDBDDDDDBDDDDDDDBDDDDDBDDDDDDDBDDDDDBDDDDDDDBDPRnAvABB@@BB@BB@@BB@@B@BB@@BB@@BB@@B@BB@@BB@@BBB@@BB@@@BBB@@BB@@BB@B@@BB@@BB@BB@@BB@@B@@BB@B@?@@@BB@@B@BB@@BB@@BBB@@BB@@@BB@@BBB@@BB@@BB@BB@@B@@BBFFBB@BB@@BB@@B@@BB@BB@@BB@@B@@BB@@BB@@BB@BB@@B@@BB@@BBBB@BBBB@@BBB@BBBB@@BBBBBj@r@rIdJ~EfFb@b@nBjBzBrBh@ZLDd@NnDj@vAVhDf@tAL"
              },
              "start_location" : {
                "lat" : 4.0607967,
                "lng" : 9.703524200000002
              },
              "travel_mode" : "DRIVING"
            },
            {
              "distance" : {
                "text" : "0.3 km",
                "value" : 283
              },
              "duration" : {
                "text" : "1 min",
                "value" : 40
              },
              "end_location" : {
                "lat" : 4.0466411,
                "lng" : 9.690167899999999
              },
              "html_instructions" : "At the roundabout, take the \u003cb\u003e2nd\u003c/b\u003e exit onto \u003cb\u003eN3\u003c/b\u003e",
              "maneuver" : "roundabout-right",
              "polyline" : {
                "points" : "myuWmtcz@?B@D?B@B@BBB@BBBB@B@B@B@D@B?B?B?B?B?BABABABA`ABtDBD?vACVBJBHDND"
              },
              "start_location" : {
                "lat" : 4.049030699999999,
                "lng" : 9.690473900000001
              },
              "travel_mode" : "DRIVING"
            },
            {
              "distance" : {
                "text" : "3.5 km",
                "value" : 3522
              },
              "duration" : {
                "text" : "5 mins",
                "value" : 315
              },
              "end_location" : {
                "lat" : 4.0185008,
                "lng" : 9.697409
              },
              "html_instructions" : "At the roundabout, take the \u003cb\u003e2nd\u003c/b\u003e exit and stay on \u003cb\u003eN3\u003c/b\u003e",
              "maneuver" : "roundabout-right",
              "polyline" : {
                "points" : "ojuWqrcz@BDBBB@BB@@@?B@D@B?D@B?DAB?BADABABC@C@A@?@C@E@??A?A?A@A?A@?DEDCDCF?FAN@T@L?JAl@Gj@Ij@KLADAD?ZChB@h@@|BHdA@~@?dC@tAArAA|I@rDA`B@R?VBd@FdBVjB^\\FxGlAzB\\ZBh@B`@Bd@?`@An@At@Er@Id@Gj@MlA]xC_A~@]FCr@YhAa@j@S^K\\Ij@Ib@E~@E`A?v@Ed@EXG^G^MPKTKRMTQPQh@o@h@k@VWPQLKPMRKVIPELANAT?T@^BZFTFh@Ph@LXFVDh@FXBV?^@NAL?xBYv@Sv@[t@c@x@q@t@w@x@}@`BaCzDqFTYbEiF\\i@x@oA\\g@"
              },
              "start_location" : {
                "lat" : 4.0466411,
                "lng" : 9.690167899999999
              },
              "travel_mode" : "DRIVING"
            },
            {
              "distance" : {
                "text" : "4.7 km",
                "value" : 4661
              },
              "duration" : {
                "text" : "5 mins",
                "value" : 286
              },
              "end_location" : {
                "lat" : 4.0117558,
                "lng" : 9.732270200000002
              },
              "html_instructions" : "Continue onto \u003cb\u003eN3\u003c/b\u003e",
              "polyline" : {
                "points" : "szoWy_ez@\\g@dBoC|AgCJYzIaNDKdA_CLSl@iAX}@FUNm@RgAXoCPeBNkANw@XkAzB}G@EPs@Pu@Ju@NiAFyA@_BOiCMeAQaAWiAY_Aq@}ACGu@uA}@oAeAkA}AuAmDgCm@]{@o@u@k@q@g@_Ao@kA}@yAeAiA}@_@YUUIISSW]UYMSKQKQKOMUSc@]_AK_@IYI[Ki@G]E_@Ea@ASE_A?eA@m@Ds@Hs@Da@Lo@R}@Ng@Vq@@ADMLY`@aAVm@FM\\s@Zq@R_@BMBE~AuCt@w@V]~@iAh@q@~CqDTW|@w@zCoCr@o@x@u@dAmANSx@}@pBkCLQ`BcCnAuBz@iBJUzAsBLgA"
              },
              "start_location" : {
                "lat" : 4.0185008,
                "lng" : 9.697409
              },
              "travel_mode" : "DRIVING"
            },
            {
              "distance" : {
                "text" : "1.8 km",
                "value" : 1837
              },
              "duration" : {
                "text" : "3 mins",
                "value" : 152
              },
              "end_location" : {
                "lat" : 4.0083714,
                "lng" : 9.7482428
              },
              "html_instructions" : "At the roundabout, take the \u003cb\u003e1st\u003c/b\u003e exit",
              "maneuver" : "roundabout-right",
              "polyline" : {
                "points" : "opnWuykz@@A@?@A@A@??A@A@A?A@A?A?A?A@A?A?A?AD_A?GBEBGrBeGJ_@|@cDf@qB\\_BTy@f@sB~@oEPqADU\\aCn@wHJ}BBiA@E?Ch@sNJyB?K?O?I?C@I?G@I?I?I@G?]JeCJwBNy@?_@Di@DYDSDK@ABABABA@ABC@A@CBC?C@C@C?C?C?C?EAEACAAAA?AAAAAAAAA"
              },
              "start_location" : {
                "lat" : 4.0117558,
                "lng" : 9.732270200000002
              },
              "travel_mode" : "DRIVING"
            },
            {
              "distance" : {
                "text" : "80 m",
                "value" : 80
              },
              "duration" : {
                "text" : "1 min",
                "value" : 10
              },
              "end_location" : {
                "lat" : 4.0083342,
                "lng" : 9.7489461
              },
              "html_instructions" : "Slight \u003cb\u003eright\u003c/b\u003e",
              "maneuver" : "turn-slight-right",
              "polyline" : {
                "points" : "i{mWo}nz@CGCMAG?K?EFk@Hq@"
              },
              "start_location" : {
                "lat" : 4.0083714,
                "lng" : 9.7482428
              },
              "travel_mode" : "DRIVING"
            },
            {
              "distance" : {
                "text" : "4.2 km",
                "value" : 4193
              },
              "duration" : {
                "text" : "11 mins",
                "value" : 686
              },
              "end_location" : {
                "lat" : 3.995063799999999,
                "lng" : 9.783620500000001
              },
              "html_instructions" : "Keep \u003cb\u003eleft\u003c/b\u003e",
              "maneuver" : "keep-left",
              "polyline" : {
                "points" : "a{mW}aoz@Fi@?E?MDWZcB`AyD~AqEt@aBn@oAvBeD|DiFp@{@FA?Af@o@PULIx@aAFIHIFGLGJGDCFCRWDQD[BUDOTc@\\kAXk@dAkBDOd@uARi@HSb@}ALc@Rk@L]jAkEHYjAwE\\qARs@FWLa@zAkEr@aBtA{CDIhA{B@A^m@LUJIJMLINIHGBEBCd@uA@W?O@UFmADKFUJ]b@mB\\gBFWf@}CBSbAeK@K@M@K@M@K@M@K@K@M@K@M@K@M@K@MBK@K@M@K@M@K@M@K@K@M@K@M@KBM@K@K@M@K@M@K@M@K@K@MBK@M@K@M@K@K@M@K@MBK@K@M@K@M@K@M@K@M@K@KBM@K@M@K@M@K@K@M@KFe@V_CJiATwBPiBD]B_@D[XiBZuB@EnA_HFUh@{BLe@n@kCNi@"
              },
              "start_location" : {
                "lat" : 4.0083342,
                "lng" : 9.7489461
              },
              "travel_mode" : "DRIVING"
            },
            {
              "distance" : {
                "text" : "1.1 km",
                "value" : 1094
              },
              "duration" : {
                "text" : "5 mins",
                "value" : 328
              },
              "end_location" : {
                "lat" : 3.9857978,
                "lng" : 9.785721800000001
              },
              "html_instructions" : "Turn \u003cb\u003eright\u003c/b\u003e",
              "maneuver" : "turn-right",
              "polyline" : {
                "points" : "chkWszuz@l@LB@r@F`AFhABj@?jA@nB?t@BZAXERE^G\\KHEDCNI`BmAXW|@o@LIb@Y`@WFCz@c@RGPGREVE^CZCRAZAbCQPCh@GtCe@^EpCYVC^Er@G"
              },
              "start_location" : {
                "lat" : 3.995063799999999,
                "lng" : 9.783620500000001
              },
              "travel_mode" : "DRIVING"
            }
          ],
          "traffic_speed_entry" : [],
          "via_waypoint" : []
        }
      ],
      "overview_polyline" : {
        "points" : "g`~Winlz@nBDdAHp@uFfC`@zA^lBr@vAh@h@XlAt@hBvA~AzAT\\Pj@Nt@PZJFZHV?TEPMx@l@lFxEr@x@p@|@l@fAx@|B`@fBV~AV~AFh@LDVLXh@Tp@|@jB`A~BnBrErAxC~ArCZ^dAp@t@^pA`AnDdC`FjDtJzGtAn@hA`@tAZbC^rA`@`@Pr@j@nBbCt@~@DRe@b@_@h@qArBuBhC`A~@|BbCfB|B`@f@~@|@pFzEvJpIzGlFbA`Ad@l@nBhCtEpG~CjFnD`F{BbCdClC`BbBp@^tBrBIRATHV_@h@K\\Cj@ElC_@pCPVPZf@r@j@n@nAxAvA`BfDxDxEnFzDlEl@p@X\\LLj@r@rIdJbGjGjF~Ev@`@d@NnDj@`G~@tAL?B@HHNNHPBNAFCdA@zDBnB?THRJLJNBR?PIJS@ERMt@@XAxAQdAOdCAfDJdC@zE?fU?j@BjC^hCf@xGlAzB\\dAFfABpAChBOpAUfF}AdE}AjA_@hASbBKxBE~@M~@Uf@Wh@_@|BeC^]d@Yh@O\\Cj@@z@J~@XbAT`ALp@Bn@?fCYv@Sv@[t@c@x@q@nBuB|GsJxEcGvAyBz@oAbEwGJYzIaNjAkCz@}A`@sAb@uBj@uF^cCXkAzB}GRy@\\kBNiAFyA@_BOiC_@gCq@iCu@eBu@uA}@oAeAkA}AuA{EeDcFsDoG{E_@_@k@q@c@m@Wc@Ye@q@cBk@_CUsBEeCFaBNuA`@mBn@iBnAwCpAsCbB{ClAuAhB{BtDiEfImHtAaBjDiEnBuCnAuBz@iBfBiCNiAFCBGBOHmAvBmGhAcEbC_K~@oEPqAb@wCn@wHJ}BDoAt@}RBmAXcHNy@?_@JcAJ_@DCLIFMBOCSEGIMEU?QXmCDe@ZcB`AyD~AqEt@aBn@oAvBeDnFeHFCf@o@^_@`AkAPQf@WRWDQHq@Zs@\\kAXk@dAkBDOx@_CnAaExAiFtAqFfA_EzAkEr@aBzAeDjA}Bl@cAVW\\SLMh@yAJkC|@mDpAqHpA_N`@mEdA{KfAuKp@_H|@aGvAuHv@aD~@uDp@NtBNtBBzD@pA@l@K|@SNIpBwAvAgAp@c@h@[nAk@d@Mv@IjAGtCU~Dm@hFi@r@G"
      },
      "summary" : "N3",
      "warnings" : [],
      "waypoint_order" : []
    },
    {
      "bounds" : {
        "northeast" : {
          "lat" : 4.091076999999999,
          "lng" : 9.8054281
        },
        "southwest" : {
          "lat" : 3.9857978,
          "lng" : 9.7354901
        }
      },
      "copyrights" : "Map data ©2018 Google",
      "legs" : [
        {
          "distance" : {
            "text" : "22.2 km",
            "value" : 22170
          },
          "duration" : {
            "text" : "52 mins",
            "value" : 3093
          },
          "end_address" : "Unnamed Road, Douala, Cameroon",
          "end_location" : {
            "lat" : 3.9857978,
            "lng" : 9.785721800000001
          },
          "start_address" : "Unnamed Road, Douala, Cameroon",
          "start_location" : {
            "lat" : 4.091076999999999,
            "lng" : 9.735572899999999
          },
          "steps" : [
            {
              "distance" : {
                "text" : "0.1 km",
                "value" : 102
              },
              "duration" : {
                "text" : "1 min",
                "value" : 25
              },
              "end_location" : {
                "lat" : 4.0901663,
                "lng" : 9.7354901
              },
              "html_instructions" : "Head \u003cb\u003esouth\u003c/b\u003e",
              "polyline" : {
                "points" : "g`~Winlz@J?T@l@@^@`@Db@B"
              },
              "start_location" : {
                "lat" : 4.091076999999999,
                "lng" : 9.735572899999999
              },
              "travel_mode" : "DRIVING"
            },
            {
              "distance" : {
                "text" : "0.1 km",
                "value" : 139
              },
              "duration" : {
                "text" : "1 min",
                "value" : 49
              },
              "end_location" : {
                "lat" : 4.089925,
                "lng" : 9.736719799999999
              },
              "html_instructions" : "Turn \u003cb\u003eleft\u003c/b\u003e",
              "maneuver" : "turn-left",
              "polyline" : {
                "points" : "qz}Wymlz@ZqCTcB"
              },
              "start_location" : {
                "lat" : 4.0901663,
                "lng" : 9.7354901
              },
              "travel_mode" : "DRIVING"
            },
            {
              "distance" : {
                "text" : "0.3 km",
                "value" : 280
              },
              "duration" : {
                "text" : "1 min",
                "value" : 32
              },
              "end_location" : {
                "lat" : 4.0875916,
                "lng" : 9.735799
              },
              "html_instructions" : "Turn \u003cb\u003eright\u003c/b\u003e",
              "maneuver" : "turn-right",
              "polyline" : {
                "points" : "_y}Woulz@d@F`BXzA^lBr@x@X\\Nf@V"
              },
              "start_location" : {
                "lat" : 4.089925,
                "lng" : 9.736719799999999
              },
              "travel_mode" : "DRIVING"
            },
            {
              "distance" : {
                "text" : "0.9 km",
                "value" : 907
              },
              "duration" : {
                "text" : "2 mins",
                "value" : 128
              },
              "end_location" : {
                "lat" : 4.0870312,
                "lng" : 9.743858099999999
              },
              "html_instructions" : "Turn \u003cb\u003eleft\u003c/b\u003e",
              "maneuver" : "turn-left",
              "polyline" : {
                "points" : "mj}Wwolz@HMVc@Pa@N_@J]FY@EHi@@c@@_@@[?oA?C?KAyA@gA?a@AgC?m@?E@kB?]Bw@@_@?a@@gB?g@AoF?Q?U?yB?I"
              },
              "start_location" : {
                "lat" : 4.0875916,
                "lng" : 9.735799
              },
              "travel_mode" : "DRIVING"
            },
            {
              "distance" : {
                "text" : "0.3 km",
                "value" : 300
              },
              "duration" : {
                "text" : "1 min",
                "value" : 51
              },
              "end_location" : {
                "lat" : 4.0843319,
                "lng" : 9.743865999999999
              },
              "html_instructions" : "Turn \u003cb\u003eright\u003c/b\u003e",
              "maneuver" : "turn-right",
              "polyline" : {
                "points" : "}f}Wcbnz@zA?zGAB?~C?"
              },
              "start_location" : {
                "lat" : 4.0870312,
                "lng" : 9.743858099999999
              },
              "travel_mode" : "DRIVING"
            },
            {
              "distance" : {
                "text" : "0.2 km",
                "value" : 231
              },
              "duration" : {
                "text" : "1 min",
                "value" : 63
              },
              "end_location" : {
                "lat" : 4.083369300000001,
                "lng" : 9.745561499999999
              },
              "html_instructions" : "Turn \u003cb\u003eleft\u003c/b\u003e",
              "maneuver" : "turn-left",
              "polyline" : {
                "points" : "av|Webnz@T@G]`@yA@IHWFOXo@Xk@RWr@u@"
              },
              "start_location" : {
                "lat" : 4.0843319,
                "lng" : 9.743865999999999
              },
              "travel_mode" : "DRIVING"
            },
            {
              "distance" : {
                "text" : "0.3 km",
                "value" : 289
              },
              "duration" : {
                "text" : "1 min",
                "value" : 32
              },
              "end_location" : {
                "lat" : 4.0839721,
                "lng" : 9.748040099999999
              },
              "html_instructions" : "Turn \u003cb\u003eleft\u003c/b\u003e",
              "maneuver" : "turn-left",
              "polyline" : {
                "points" : "ap|Wwlnz@m@cAMUISEUEY?GGmBGaCCe@EWK["
              },
              "start_location" : {
                "lat" : 4.083369300000001,
                "lng" : 9.745561499999999
              },
              "travel_mode" : "DRIVING"
            },
            {
              "distance" : {
                "text" : "1.0 km",
                "value" : 1030
              },
              "duration" : {
                "text" : "2 mins",
                "value" : 133
              },
              "end_location" : {
                "lat" : 4.0845186,
                "lng" : 9.7553932
              },
              "html_instructions" : "Turn \u003cb\u003eright\u003c/b\u003e",
              "maneuver" : "turn-right",
              "polyline" : {
                "points" : "ys|Wg|nz@L]LWPSNQZ]HKDKBGDMBOBM@QB_@?i@A]AMEUIUEIEIIMCC]a@GIWY{@_ACCy@}@y@_A}CoDkAmAW[IMEMCS?O?SAeA@OBGP]P[Z[tAoAhC{B`@g@"
              },
              "start_location" : {
                "lat" : 4.0839721,
                "lng" : 9.748040099999999
              },
              "travel_mode" : "DRIVING"
            },
            {
              "distance" : {
                "text" : "2.2 km",
                "value" : 2176
              },
              "duration" : {
                "text" : "5 mins",
                "value" : 284
              },
              "end_location" : {
                "lat" : 4.0807503,
                "lng" : 9.7716557
              },
              "html_instructions" : "Turn \u003cb\u003eleft\u003c/b\u003e",
              "maneuver" : "turn-left",
              "polyline" : {
                "points" : "gw|Wejpz@c@Q]o@iAwBq@_BM]CKCICKEKCICKAGCKEMCMIe@Ic@EYCUOoBSeD?GCUE{@UmDQiCIo@CSEYKm@ESCMCQAMCQAOIi@AQOiCGcBIuAIoC@K?_@B]@UD]Dc@DWDSBSHUV{@Xu@JWJQRa@X_@h@q@\\_@b@a@JKZUv@g@LIdF}CtEsC~AcA`DoBjCcB"
              },
              "start_location" : {
                "lat" : 4.0845186,
                "lng" : 9.7553932
              },
              "travel_mode" : "DRIVING"
            },
            {
              "distance" : {
                "text" : "2.7 km",
                "value" : 2737
              },
              "duration" : {
                "text" : "4 mins",
                "value" : 251
              },
              "end_location" : {
                "lat" : 4.0788415,
                "lng" : 9.793756799999999
              },
              "html_instructions" : "Turn \u003cb\u003eleft\u003c/b\u003e",
              "maneuver" : "turn-left",
              "polyline" : {
                "points" : "u_|W{osz@JGKMoCoEgCcEiBuC?AS]a@i@QYYa@OWEKAGCKAMAUBWT}ARw@NqABQFYJWHKHKf@a@f@_@HKFKFSJc@`@eCLgABUF{@Da@?m@?E@e@?MAoACq@AQKyA?EG_@G[IYOa@QYc@u@i@u@i@_AEKEKAKAK?M?E?Q?U?[B]BWFQh@cAn@kAFMz@{Ax@wAfAoBFKNW^s@JSf@{@Ta@xAkCl@iA@En@gAz@{AJYHWFQH[DWHc@Jq@J{@D]NwBHgAHmALkBDiB?oB"
              },
              "start_location" : {
                "lat" : 4.0807503,
                "lng" : 9.7716557
              },
              "travel_mode" : "DRIVING"
            },
            {
              "distance" : {
                "text" : "2.0 km",
                "value" : 2030
              },
              "duration" : {
                "text" : "7 mins",
                "value" : 390
              },
              "end_location" : {
                "lat" : 4.0627758,
                "lng" : 9.7861864
              },
              "html_instructions" : "Turn \u003cb\u003eright\u003c/b\u003e onto \u003cb\u003eP 14\u003c/b\u003e",
              "maneuver" : "turn-right",
              "polyline" : {
                "points" : "ws{W_zwz@bALbDb@|@JtBPtGx@`@DJBhALjEd@L@hFh@vAN^Db@FvB^z@Nl@L`@L~Ah@THlBr@VJd@VhAp@PJjAz@JDl@\\^Xz@n@JHd@h@FFn@f@~@v@xC~BFFJJd@\\z@p@XVpC|B|AlAXTlBtAPR~@r@"
              },
              "start_location" : {
                "lat" : 4.0788415,
                "lng" : 9.793756799999999
              },
              "travel_mode" : "DRIVING"
            },
            {
              "distance" : {
                "text" : "3.3 km",
                "value" : 3321
              },
              "duration" : {
                "text" : "5 mins",
                "value" : 298
              },
              "end_location" : {
                "lat" : 4.0347521,
                "lng" : 9.7809075
              },
              "html_instructions" : "Turn \u003cb\u003eleft\u003c/b\u003e",
              "maneuver" : "turn-left",
              "polyline" : {
                "points" : "koxWujvz@ROLKNIVKRGVERELCVCN?PAN@F?L@PBD@RDd@Jt@NrB`@LBdB`@f@Jp@LrBb@`AR@?d@HL@L@zAXXFbARv@PRDxBd@nJjBhB`@TFzA\\j@R^L`@RVPZRVVPPPVNTZd@RZLNHHBBJJJFRJZLf@LRD~@RtAVtATtI`B|JjBJ@fLvB|Dt@bANLBJ@T?P?J?L?H?l@G`@EPC^GB?LCNERGLE@ATIVKLGLIJIPMLKNOZYHINKROLG`@UPINGJCRGXC\\A\\Ah@Bn@BpAJD@zDNrCLD@rBJxBJlBL"
              },
              "start_location" : {
                "lat" : 4.0627758,
                "lng" : 9.7861864
              },
              "travel_mode" : "DRIVING"
            },
            {
              "distance" : {
                "text" : "0.3 km",
                "value" : 251
              },
              "duration" : {
                "text" : "1 min",
                "value" : 52
              },
              "end_location" : {
                "lat" : 4.0346716,
                "lng" : 9.778724499999999
              },
              "html_instructions" : "Turn \u003cb\u003eright\u003c/b\u003e",
              "maneuver" : "turn-right",
              "polyline" : {
                "points" : "e`sWuiuz@EVENEPEFCHEPGXCb@@\\B\\BTBLDRRhAD^DVHb@"
              },
              "start_location" : {
                "lat" : 4.0347521,
                "lng" : 9.7809075
              },
              "travel_mode" : "DRIVING"
            },
            {
              "distance" : {
                "text" : "1.1 km",
                "value" : 1113
              },
              "duration" : {
                "text" : "6 mins",
                "value" : 342
              },
              "end_location" : {
                "lat" : 4.032833399999999,
                "lng" : 9.788534499999999
              },
              "html_instructions" : "Turn \u003cb\u003eleft\u003c/b\u003e",
              "maneuver" : "turn-left",
              "polyline" : {
                "points" : "u_sW_|tz@FIPOFMBKBGBq@D{@B_@JoBBa@Ds@Ds@NoBLcBTsBHu@RmBPwA^iDb@yDVyBR_BVwB`@mDL}@"
              },
              "start_location" : {
                "lat" : 4.0346716,
                "lng" : 9.778724499999999
              },
              "travel_mode" : "DRIVING"
            },
            {
              "distance" : {
                "text" : "4.1 km",
                "value" : 4059
              },
              "duration" : {
                "text" : "6 mins",
                "value" : 340
              },
              "end_location" : {
                "lat" : 4.0006302,
                "lng" : 9.8054281
              },
              "html_instructions" : "Turn \u003cb\u003eright\u003c/b\u003e",
              "maneuver" : "turn-right",
              "polyline" : {
                "points" : "etrWiyvz@FCDEFEFGDIFIFKXWNOHEDCTMVM^OHExAm@xCiAv@Yr@Y|@_@rCkAPIdBs@FC~Ao@bDuAFCnCcAFE~B_AlCcAfAa@jAc@jCeAjCcArCgAtD{AxB{@JE|D_BlHwC|D_BbM_FTKxGaCf@WlDuAvEkBhAe@~@a@PGr@WZOt@WZMpAi@PIx@[`Bq@tBw@l@UxB{@x@]VIvBy@pEiBxDyARGZMzDuAlAk@FA`@Qf@Yb@WVQRSZ_@DIJQ?CN[JQHMJKPM@Ar@c@"
              },
              "start_location" : {
                "lat" : 4.032833399999999,
                "lng" : 9.788534499999999
              },
              "travel_mode" : "DRIVING"
            },
            {
              "distance" : {
                "text" : "1.7 km",
                "value" : 1717
              },
              "duration" : {
                "text" : "3 mins",
                "value" : 196
              },
              "end_location" : {
                "lat" : 3.9931838,
                "lng" : 9.7920842
              },
              "html_instructions" : "Turn \u003cb\u003eright\u003c/b\u003e",
              "maneuver" : "turn-right",
              "polyline" : {
                "points" : "}jlW}bzz@~@|Bb@|@BHj@zABFPf@d@jAJTn@rAVh@P\\Tb@pCxEBBj@v@n@z@RX^f@Zb@@@\\b@Zb@vCvDx@~@fCzDDFdBxCRd@x@dBDH^~@b@jAf@lBDNLf@DPXvAJf@D^V|ABPNhABPJzA"
              },
              "start_location" : {
                "lat" : 4.0006302,
                "lng" : 9.8054281
              },
              "travel_mode" : "DRIVING"
            },
            {
              "distance" : {
                "text" : "0.4 km",
                "value" : 352
              },
              "duration" : {
                "text" : "2 mins",
                "value" : 101
              },
              "end_location" : {
                "lat" : 3.9900284,
                "lng" : 9.791873499999999
              },
              "html_instructions" : "Turn \u003cb\u003eleft\u003c/b\u003e",
              "maneuver" : "turn-left",
              "polyline" : {
                "points" : "k|jWoowz@J?|BDR?hAB~ADbADx@@lBH`AF"
              },
              "start_location" : {
                "lat" : 3.9931838,
                "lng" : 9.7920842
              },
              "travel_mode" : "DRIVING"
            },
            {
              "distance" : {
                "text" : "0.2 km",
                "value" : 195
              },
              "duration" : {
                "text" : "1 min",
                "value" : 46
              },
              "end_location" : {
                "lat" : 3.990176399999999,
                "lng" : 9.790127199999999
              },
              "html_instructions" : "Turn \u003cb\u003eright\u003c/b\u003e",
              "maneuver" : "turn-right",
              "polyline" : {
                "points" : "uhjWenwz@ARAZC|A?XCf@Er@E|@EX"
              },
              "start_location" : {
                "lat" : 3.9900284,
                "lng" : 9.791873499999999
              },
              "travel_mode" : "DRIVING"
            },
            {
              "distance" : {
                "text" : "0.1 km",
                "value" : 113
              },
              "duration" : {
                "text" : "1 min",
                "value" : 35
              },
              "end_location" : {
                "lat" : 3.9891707,
                "lng" : 9.7900052
              },
              "html_instructions" : "Turn \u003cb\u003eleft\u003c/b\u003e",
              "maneuver" : "turn-left",
              "polyline" : {
                "points" : "sijWicwz@`@Br@Fh@BV@p@D"
              },
              "start_location" : {
                "lat" : 3.990176399999999,
                "lng" : 9.790127199999999
              },
              "travel_mode" : "DRIVING"
            },
            {
              "distance" : {
                "text" : "0.1 km",
                "value" : 116
              },
              "duration" : {
                "text" : "1 min",
                "value" : 36
              },
              "end_location" : {
                "lat" : 3.9894263,
                "lng" : 9.788992499999999
              },
              "html_instructions" : "Turn \u003cb\u003eright\u003c/b\u003e",
              "maneuver" : "turn-right",
              "polyline" : {
                "points" : "icjWqbwz@Kf@EPGRCP?DI`@E\\ATCN"
              },
              "start_location" : {
                "lat" : 3.9891707,
                "lng" : 9.7900052
              },
              "travel_mode" : "DRIVING"
            },
            {
              "distance" : {
                "text" : "0.3 km",
                "value" : 253
              },
              "duration" : {
                "text" : "1 min",
                "value" : 75
              },
              "end_location" : {
                "lat" : 3.987271,
                "lng" : 9.7883288
              },
              "html_instructions" : "Turn \u003cb\u003eleft\u003c/b\u003e",
              "maneuver" : "turn-left",
              "polyline" : {
                "points" : "}djWe|vz@FBHDLDb@LVHHDD?F@F?L?R?D?ZJTHJBHBLBRDPBXFB?NBL@TBNBJBJBHBJD"
              },
              "start_location" : {
                "lat" : 3.9894263,
                "lng" : 9.788992499999999
              },
              "travel_mode" : "DRIVING"
            },
            {
              "distance" : {
                "text" : "0.3 km",
                "value" : 316
              },
              "duration" : {
                "text" : "2 mins",
                "value" : 92
              },
              "end_location" : {
                "lat" : 3.987066,
                "lng" : 9.785504500000002
              },
              "html_instructions" : "Turn \u003cb\u003eright\u003c/b\u003e",
              "maneuver" : "turn-right",
              "polyline" : {
                "points" : "mwiWaxvz@DtB?VD\\B`@@N@FBHHR@H@J@X?\\?XCVA^@P@d@@R?dA"
              },
              "start_location" : {
                "lat" : 3.987271,
                "lng" : 9.7883288
              },
              "travel_mode" : "DRIVING"
            },
            {
              "distance" : {
                "text" : "0.1 km",
                "value" : 143
              },
              "duration" : {
                "text" : "1 min",
                "value" : 42
              },
              "end_location" : {
                "lat" : 3.9857978,
                "lng" : 9.785721800000001
              },
              "html_instructions" : "Turn \u003cb\u003eleft\u003c/b\u003e",
              "maneuver" : "turn-left",
              "polyline" : {
                "points" : "eviWkfvz@pCYVC^Er@G"
              },
              "start_location" : {
                "lat" : 3.987066,
                "lng" : 9.785504500000002
              },
              "travel_mode" : "DRIVING"
            }
          ],
          "traffic_speed_entry" : [],
          "via_waypoint" : []
        }
      ],
      "overview_polyline" : {
        "points" : "g`~Winlz@nBDdAHp@uFfC`@zA^lBr@vAh@f@VHMh@eAZ}@H_@JmABoC?oE?gHDwC?qK?oC?IzA?~GAtD@G]`@yAJa@`@_Al@cAr@u@m@cAWi@Ko@GuBKgDQs@Zu@`@e@d@i@HSH]D_@BiACk@Ok@KSs@}@qC{C{HyIO[Cc@AyADWb@y@pBkBhC{B`@g@c@Q]o@iAwBq@_BQi@Qk@Om@]qByA}T_@kCOaAOkAQ{CQyDG{CB}@RoBHg@`@qAd@mA^s@bAqA`AaAf@a@dAq@|TeNvCkB{C}EeGyJ}A}BMm@@m@h@uCRcBFYJWRWnAaAPWRw@n@mEJqADoA@k@A}AEcAK_BO{@Y{@u@oAsAuBKWCk@BaBJi@xAoCdEqHbAkBdEsHxBcE`@}ATuAPyAp@yJDyEfFp@rD\\vH~@nHx@dKfArDn@nAZtBr@dC~@nBhA|AfAx@b@zAhAp@r@v@n@lFjElGdFvBbBlBtAPR~@r@RO\\Uj@Sj@KfAIv@FtBb@xNxCr@JhBZhDr@hNpC~Bh@fCp@`A`@r@d@h@h@pAnBf@h@^RbAZ~FfAfc@fI`GdAXD`A?jBQ`AQx@Y~@g@jAcAz@m@nAk@l@Kz@CxAFvALhMj@fFXKf@Ut@K|@Dz@`@`CJv@Hb@FIX]FSX}F^yFb@wE\\cDlBuPzAcMLINMLS`@c@t@g@zCqAbI}CrGmCbGeCvCgA|IkDvNuFxN}FjNwFxMkF`IyCdKaEnEgBbNoFxFyBhIcDlEaBvEcBtAm@hAk@z@i@n@s@P[N_@T_@\\Yt@e@bBzDn@dBfApCnB~DtC|EzArBpAfBx@fAvCvDx@~@lCbExB~D~@nBbAjC`AvDd@~B\\|BRzANlBfFHjIV`AFARExBC`AKpBEX`@B|AJhAFQx@UlAGr@CNFBVJz@VNDN@`@?`@Jx@TfC^VFTHDlCH~@BVL\\BT@v@Cp@?p@Bx@?dApCYv@Ir@G"
      },
      "summary" : "P 14",
      "warnings" : [],
      "waypoint_order" : []
    }
  ],
  "status" : "OK"
}


]


